{
    "shell-version": [
        "3.0",
        "3.0.1",
        "3.0.2",
        "3.2",
        "3.4",
        "3.6",
        "3.8",
        "3.10",
        "3.12",
        "3.14",
        "3.16",
        "3.18",
        "3.20",
        "3.20.2",
        "3.20.4",
        "3.22",
        "3.22.3",
        "3.24",
        "3.24.1",
        "3.24.2",
        "3.34.1"
    ],
    "uuid": "disable-workspace-switcher-popup@github.com",
    "name": "Disable Workspace Switcher Popup",
    "description": "Disables the overlay displayed when switching between workspaces.",
    "url": "https://github.com/windsorschmidt/disable-workspace-switcher-popup",
    "creator": "windsor.schmidt",
    "creator_url": "/accounts/profile/windsor.schmidt"
}
